1,+62 138 889 9590,family,Kip Magovern
2,+30 750 985 9917,family,Clayborne Pisco
3,+7 443 122 6556,family,Milton Matzeitis
4,+55 522 969 2216,family,Brooke Lenchenko
5,+86 650 409 0786,family,Ravid Meeland
6,+86 796 779 6712,family,Markus Ashe
7,+381 973 455 4247,family,Hersch de Copeman
8,+63 379 381 8010,family,Franky Stockney
9,+86 420 321 6631,family,Jacinta Tysall
10,+62 986 146 9329,family,Arty O'Day
11,+62 797 900 4467,family,Chickie Geoghegan
12,+46 359 566 1376,family,Bridgette Bosnell
13,+86 599 413 2453,family,Jessica Stienton
14,+27 711 175 0211,family,Helen Kelwaybamber
15,+55 864 506 6170,family,Lynn Klinck
